<?xml version="1.0" encoding="utf-8"?>
<extension type="component" version="2.5.0" method="upgrade">
 
        <name>COM_KAMPINFO</name>
        <!-- The following elements are optional and free of formatting constraints -->
        <creationDate>October 2012</creationDate>
        <author>Martijn Donath</author>
        <authorEmail>martijn.donath@gmail.com</authorEmail>
        <copyright>(C) Martijn Donath / HIT Scouting Nederland</copyright>
        <license>LGPL</license>
        <!--  The version string is recorded in the components table -->
        <version>0.0.1</version>
        <!-- The description is optional and defaults to the name -->
        <description>COM_KAMPINFO_DESCRIPTION</description>
 
        <install> <!-- Runs on install -->
                <sql>
                        <file driver="mysql" charset="utf8">sql/install.mysql.utf8.sql</file>
                </sql>
        </install>
        <uninstall> <!-- Runs on uninstall -->
                <sql>
                        <file driver="mysql" charset="utf8">sql/uninstall.mysql.utf8.sql</file>
                </sql>
        </uninstall>
        <update> <!-- Runs on update -->
                <schemas>
                        <schemapath type="mysql">sql/updates/mysql</schemapath>
                </schemas>
        </update>
 
        <!-- Site Main File Copy Section -->
        <!-- Note the folder attribute: This attribute describes the folder
                to copy FROM in the package to install therefore files copied
                in this section are copied from /site/ in the package -->
        <files folder="site">
                <filename>index.html</filename>
                <filename>kampinfo.php</filename>
                <filename>controller.php</filename>
                <folder>language</folder>
                <folder>models</folder>
                <folder>views</folder>
        </files>
 
        <media destination="com_kampinfo" folder="media">
                <filename>index.html</filename>
                <folder>images</folder>
        </media>
 
        <administration>
                <!-- Administration Menu Section -->
                <menu img="../media/com_kampinfo/images/kampinfo-16x16.png">COM_KAMPINFO_MENU</menu>
                <!-- Administration Main File Copy Section -->
                <!-- Note the folder attribute: This attribute describes the folder
                        to copy FROM in the package to install therefore files copied
                        in this section are copied from /admin/ in the package -->
                <files folder="admin">
                        <!-- Admin Main File Copy Section -->
                        <filename>index.html</filename>
                        <!-- 
                        <filename>config.xml</filename>
                        <filename>access.xml</filename>
                         -->
                        <filename>kampinfo.php</filename>
                        <filename>controller.php</filename>
                        <folder>sql</folder>
                        <folder>models</folder>
                        <folder>views</folder>
                        <folder>controllers</folder>
                        <folder>tables</folder>
                        <folder>helpers</folder>
                </files>
 
                <languages folder="admin">
                        <language tag="en-GB">language/en-GB/en-GB.com_kampinfo.ini</language>
                        <language tag="en-GB">language/en-GB/en-GB.com_kampinfo.sys.ini</language>
                        <language tag="nl-NL">language/nl-NL/nl-NL.com_kampinfo.ini</language>
                        <language tag="nl-NL">language/nl-NL/nl-NL.com_kampinfo.sys.ini</language>
                </languages>
        </administration>
 
</extension>